Workbook

Sheet Summary
A1: Onboarding Summary (Read-Only)
A3: Snapshot of the most important onboarding fields.
A5: Field | B5: Value
A6: Client Name | B6: =IFERROR('Owner Info'!B4,"")
A7: Client Email | B7: =IFERROR('Owner Info'!B5,"")
A8: Client Phone | B8: =IFERROR('Owner Info'!B6,"")
A9: Entity Type | B9: =IFERROR('Owner Info'!B9,"")
A10: Payout Method | B10: =IFERROR('Owner Info'!B13,"")
A11: Property Nickname | B11: =IFERROR('Property Info'!B4,"")
A12: Property Address | B12: =IFERROR('Property Info'!B5,"")
A13: Property Type | B13: =IFERROR('Property Info'!B6,"")
A14: Bedrooms | B14: =IFERROR('Property Info'!B11,"")
A15: Bathrooms | B15: =IFERROR('Property Info'!B12,"")
A16: Overview – Guest Avatar | B16: =IFERROR(Overview!B7,"")
A17: Listing 1 – Title | B17: =IFERROR('Listing 1'!B4,"")
A18: Listing 1 – Rental Type | B18: =IFERROR('Listing 1'!B5,"")
A19: Listing 1 – Platforms | B19: =IFERROR('Listing 1'!B7,"")
A20: Listing 1 – Sleeps | B20: =IFERROR('Listing 1'!B12,"")
A21: Listing 2 – Title | B21: =IFERROR('Listing 1'!B8,"")
A22: Listing 2 – Rental Type | B22: =IFERROR('Listing 1'!B9,"")
A23: Listing 2 – Platforms | B23: =IFERROR('Listing 1'!B11,"")
A24: Listing 2– Sleeps | B24: =IFERROR('Listing 1'!B16,"")
A25: Listing 3 – Title | B25: =IFERROR('Listing 1'!B12,"")
A26: Listing 3 – Rental Type | B26: =IFERROR('Listing 1'!B13,"")
A27: Listing 3 – Platforms | B27: =IFERROR('Listing 1'!B15,"")
A28: Listing 3 – Sleeps | B28: =IFERROR('Listing 1'!B20,"")

Sheet Owner Info
A1: Client Info
A3: Field | B3: Your Answer
A4: Full Name
A5: Email Address
A6: Phone Number
A7: Mailing Address
A8: Preferred Communication Method
A9: Are you the owner or acting on behalf of the owner?
A10: Entity Type
A11: Legal Entity Name (if applicable)
A12: Tax ID / EIN (optional)
A13: Preferred Payout Method
A14: Bank - Account Holder Name
A15: Bank - Bank Name
... A18: Statement Delivery Method

Sheet Property Info
A1: Property Info
A3: Field | B3: Your Answer
A4: Property Nickname | B4: Seattle 710 – New House & ADU in Greenwood
A5: Property Address | B5: 710 N 97th St, Seattle, WA 98103, USA
A6: Property Type | B6: New construction house with ADU (2 units)
A7: Ownership | B7: Isabell Sheang, isabellsheang@gmail.com, (425)283-3210 | Cohost: Yi Lin,(206)631-1782 nklinyi@hotmail.com, Xu Wang 425-4421372
A8: Google Maps Link to Property | B8: https://www.google.com/maps?q=710+N+97th+St,+Seattle,+WA+98103
A9: Selling points | B9: New construction home, bright, luxury. Quiet street in Greenwood, walking distance to restaurants and coffee shops, 2 blocks to Hwy 99 with easy access to I‑5, close to North Seattle College, Northgate light rail & mall, and Green Lake.
A10: Square Footage | B10: 2700
A11: Bedrooms | B11: 4
A12: Bathrooms | B12: 4
A13: Property Condition | B13: New construction (Dec 2021), bright, luxury finishes, well maintained.
A14: HOA – Restrictions (if any) | B14: No formal HOA. House rules: remove shoes signs at entry and 3rd floor landing; no pets.
... A24: Legal – Insurance | B24: No need, homeowner will water plants in the summer.

Sheet Overview
A1: Overview
A3: Field | B3: Your Answer
A4: City
A5: Year
A6: Full Address
A7: High-level Overview (property + neighborhood)
A8: Primary Use (Short-term / Mid-term / Both)
A9: Guest Avatar (who are we targeting?)
A10: Top 3 Selling Points of this Property
A11: Top Nearby Landmarks & Attractions
A12: Listing Description Link (Google Doc / Draft)

Sheet Listing 1
A1: Listing 1
A3: Field | B3: Your Answer
A4: Listing Title | B4: Modern Greenwood’s home with a Spa-like Suite
A5: Rental Type | B5: Short-term rental (STR)
A6: Existing Listing URL(s) | B6: https://www.airbnb.com/rooms/642714461806102457, ling’s account
A7: Platforms to Manage (Airbnb, VRBO, Booking, Direct, etc.) | B7: Airbnb; direct booking via Valta (if enabled)
A8: Square Footage | B8: 1900
A9: Bedrooms | B9: 3
A10: Bed Types | B10: 1 King bed, 1 Full bed, 2 Twin beds, 1 Air mattress
A11: Bathrooms | B11: Multiple bathrooms including spa-like 5-piece master ensuite and additional full baths (confirm on site).
A12: Sleeps (Max Guests) | B12: 6
A13: Overview – Amenities | B13: Brand new construction home in Greenwood with open floor plan, floor-to-ceiling windows, gas fireplace, chef’s kitchen with 6‑burner gas range, deck and fenced yard, spa-like master suite with 5‑piece ensuite bath and private balcony, walk‑in closet, laundry room, AC, and heated bathroom floors.
A14: Overview – Furnishings Included (Furniture, Linens, Towels, etc.) | B14: Fully furnished main house with beds in all three bedrooms, living room seating, dining table and chairs, equipped kitchen with cookware and basic supplies, linens, towels, and starter consumables for guests.
... A43: Maintenance – Known Issues | B43: Guests must remove shoes; no pets. Do not run heat and cool in different rooms at the same time to avoid compressor damage. Bins must stay in alley; do not move them.

Sheet Listing 2
A1: Listing 2
A3: Field | B3: Your Answer
A4: Listing Title | B4: Gorgeous 1 BR Suite in a New House – Free Parking
A5: Rental Type | B5: Short-term rental (STR)
A6: Existing Listing URL(s) | B6: TBD – separate ADU listing URL not listed in cohost PPT.
A7: Platforms to Manage (Airbnb, VRBO, Booking, Direct, etc.) | B7: Airbnb; direct booking via Valta (if enabled).
A8: Square Footage | B8: 800
A9: Bedrooms | B9: 1
A10: Bed Types | B10: 1 Queen bed
A11: Bathrooms | B11: 1
A12: Sleeps (Max Guests) | B12: 2
A13: Overview – Amenities | B13: Ground‑level 1BR ADU suite in a new Greenwood home, with its own private entrance, shared high‑speed WiFi, access to street parking, and easy access to restaurants, coffee shops, and Green Lake.
A14: Overview – Furnishings Included (Furniture, Linens, Towels, etc.) | B14: Furnished 1BR suite with bed in the bedroom, living‑room seating and sofa, basic kitchen setup, linens, towels, and starter supplies for short stays.
... A43: Maintenance – Known Issues | B43: No AC in ADU; do not run heat and cool in different rooms at the same time; guests should keep bins in alley and not move them; remove shoes and no pets.

Sheet Listing 3
A1: Listing 3
A3: Field | B3: Your Answer
A4: Listing Title
A5: Rental Type
A6: Existing Listing URL(s)
A7: Platforms to Manage (Airbnb, VRBO, Booking, Direct, etc.)
A8: Square Footage
A9: Bedrooms
A10: Bed Types
A11: Bathrooms
A12: Sleeps (Max Guests)
A13: Overview – Amenities
A14: Overview – Furnishings Included (Furniture, Linens, Towels, etc.)
A15: Overview – Cohost
... A43: Maintenance – Known Issues
